{
  "accuracy": 99.29453262786596,
  "per_class_auc": {
    "Chickenpox": 0.9992199214720948,
    "Cowpox": 0.999931683989655,
    "HFMD": 1.0,
    "Healthy": 0.999969636795346,
    "Measles": 1.0,
    "Monkeypox": 0.9998972175804356
  },
  "macro_auc": 0.9998364099729219,
  "weighted_auc": 0.9998731132474359
}